{
  "dur": {
    "min": -0.6430649757385254,
    "std": 160.88826536407453
  },
  "spkts": {
    "min": 1.0,
    "std": 88.90302992753544
  },
  "dpkts": {
    "min": 0.0,
    "std": 1.0
  },
  "sbytes": {
    "min": 56.0,
    "std": 110497.20363767147
  },
  "dbytes": {
    "min": 0.0,
    "std": 1.0
  },
  "rate": {
    "min": 0.0,
    "std": 619707.3358540536
  },
  "sttl": {
    "min": 0.0,
    "std": 67.97150352548765
  },
  "dttl": {
    "min": 0.0,
    "std": 1.0
  },
  "sload": {
    "min": 0.0,
    "std": 4957658.686832429
  },
  "dload": {
    "min": 0.0,
    "std": 1.0
  },
  "sloss": {
    "min": 0.0,
    "std": 4.070054118371267
  },
  "dloss": {
    "min": 0.0,
    "std": 1.0
  },
  "sinpkt": {
    "min": -0.214380661646525,
    "std": 26.57679227124398
  },
  "dinpkt": {
    "min": 0.0,
    "std": 1.0
  },
  "sjit": {
    "min": 0.0,
    "std": 37.35607607863806
  },
  "djit": {
    "min": 0.0,
    "std": 1.0
  },
  "swin": {
    "min": 0.0,
    "std": 13754.864975350787
  },
  "stcpb": {
    "min": 0.0,
    "std": 1353545120.77376
  },
  "dtcpb": {
    "min": 0.0,
    "std": 1.0
  },
  "dwin": {
    "min": 0.0,
    "std": 1.0
  },
  "tcprtt": {
    "min": 0.0,
    "std": 1.0
  },
  "synack": {
    "min": 0.0,
    "std": 1.0
  },
  "ackdat": {
    "min": 0.0,
    "std": 0.9477190284756746
  },
  "smean": {
    "min": 54.0,
    "std": 224.64291546561444
  },
  "dmean": {
    "min": 0.0,
    "std": 1.0
  },
  "trans_depth": {
    "min": 0.0,
    "std": 1.567001603518727
  },
  "response_body_len": {
    "min": 0.0,
    "std": 1.0
  },
  "ct_srv_src": {
    "min": 1.0,
    "std": 1703.489233954437
  },
  "ct_state_ttl": {
    "min": 0.0,
    "std": 1.0
  },
  "ct_dst_ltm": {
    "min": 1.0,
    "std": 2564.4899956940512
  },
  "ct_src_dport_ltm": {
    "min": 1.0,
    "std": 224.35595777635925
  },
  "ct_dst_sport_ltm": {
    "min": 1.0,
    "std": 317.03155089596845
  },
  "ct_dst_src_ltm": {
    "min": 1.0,
    "std": 260.3930836750136
  },
  "is_ftp_login": {
    "min": 0.0,
    "std": 0.12042644116137517
  },
  "ct_ftp_cmd": {
    "min": 0.0,
    "std": 0.23516821435348825
  },
  "ct_flw_http_mthd": {
    "min": 0.0,
    "std": 0.617336826494122
  },
  "ct_src_ltm": {
    "min": 1.0,
    "std": 2555.962700252732
  },
  "ct_srv_dst": {
    "min": 1.0,
    "std": 1706.8951744838175
  },
  "is_sm_ips_ports": {
    "min": 0.0,
    "std": 1.0
  }
}